{"cameraMode":{"drawMode":0,"name":"Shaded","section":"Shading Mode"},"sceneLighting":true,"audioPlay":false,"sceneViewState":{"showFog":true,"showMaterialUpdate":false,"showSkybox":true,"showFlares":true,"showImageEffects":true,"showParticleSystems":true},"in2DMode":false,"pivot":{"x":-0.2576714754104614,"y":2.5964303016662599,"z":-2.8979227542877199},"rotation":{"x":-0.2140955924987793,"y":-0.31234386563301089,"z":0.07247435301542282,"w":-0.922687292098999},"size":22.0,"orthographic":false}