{"cameraMode":{"drawMode":0,"name":"Shaded","section":"Shading Mode"},"sceneLighting":true,"audioPlay":false,"sceneViewState":{"showFog":true,"showMaterialUpdate":false,"showSkybox":true,"showFlares":true,"showImageEffects":true,"showParticleSystems":true},"in2DMode":false,"pivot":{"x":8.182500839233399,"y":3.8669862747192385,"z":-0.7177177667617798},"rotation":{"x":0.0839824303984642,"y":0.0731683000922203,"z":-0.006183427292853594,"w":0.9937581419944763},"size":44.63593673706055,"orthographic":false}